Student_ID,Gender,Department,Study_Hours,Attendance_Percent,Previous_GPA,Internal_Marks,Final_Marks
S190,Female,CSE,2.9,82.2,6.98,29.4,42.0
S184,Male,CSE,4.3,80.7,6.19,16.6,44.4
S119,Male,ECE,4.8,,7.07,25.6,38.0
S166,Male,CSE,,67.0,7.23,38.5,55.6
S161,Female,CSE,7.0,79.6,6.49,23.0,47.3
S071,Female,CSE,3.4,65.6,7.84,16.8,16.6
S174,Male,CE,3.5,77.8,5.76,24.7,30.3
S155,Female,CSE,5.7,98.5,8.95,29.6,66.6
S026,Male,,5.8,77.1,7.19,21.3,42.7
S072,Female,ECE,4.7,69.1,7.64,21.8,29.2
S078,Male,ME,7.7,85.4,5.42,23.8,45.1
S147,Male,CSE,6.7,74.9,6.45,23.4,47.2
S122,Male,ECE,2.7,83.4,,19.5,34.9
S103,Female,CSE,0.8,65.8,6.45,14.6,24.7
S048,Female,CSE,2.8,84.4,,20.7,41.5
S189,Female,ME,6.9,100.0,7.19,35.0,53.5
S157,Female,CSE,4.4,74.6,7.33,17.3,43.7
S039,Male,CSE,2.2,92.6,7.48,17.6,44.9
S163,Male,CSE,4.8,96.5,6.84,19.6,51.2
S142,Male,ECE,5.7,53.9,4.53,24.3,31.0
S023,Female,CE,7.1,62.4,7.19,21.5,53.8
S104,Female,CE,5.1,80.5,5.95,28.7,44.5
S035,Male,ECE,7.1,91.4,4.92,29.3,43.7
S004,Female,ME,5.3,81.7,6.95,21.2,42.8
S062,Male,ECE,7.7,84.6,6.31,14.5,58.9
S116,Male,CE,4.3,71.7,7.58,22.3,36.1
S015,Male,ECE,6.6,,6.17,24.1,46.1
S047,Male,CSE,5.1,62.3,7.48,21.3,35.7
S013,Male,ECE,8.1,91.6,8.31,32.6,69.7
S102,Female,ME,2.5,94.1,7.05,17.2,34.0
S052,Female,CSE,6.1,70.1,4.95,26.9,36.4
S007,Male,ME,4.6,74.9,6.37,19.6,31.6
S126,Male,ECE,6.3,82.5,,19.1,42.5
S074,Male,CSE,5.7,81.3,7.84,24.8,44.9
S059,Female,CSE,3.9,80.0,9.0,21.4,44.9
S183,Male,ECE,5.6,85.8,7.48,23.9,56.4
S041,Female,ECE,2.9,80.6,6.06,17.0,27.5
S073,Male,CE,,77.3,8.45,27.9,35.9
S005,Male,CSE,7.6,75.1,8.15,25.9,59.2
S131,Female,CSE,4.9,71.9,7.47,19.7,32.0
S123,Male,CSE,2.3,67.7,7.0,9.8,29.9
S136,Male,CSE,2.3,71.8,5.08,17.8,24.9
S135,Female,ECE,3.9,80.7,6.04,21.8,35.9
S042,Male,ME,4.1,93.6,6.08,22.9,26.4
S162,Male,CE,5.7,74.1,8.17,24.9,36.2
S160,Female,ME,4.4,60.7,8.05,20.5,23.8
S016,Female,CSE,4.4,63.0,7.14,25.0,35.9
S065,Male,ECE,4.0,81.0,6.18,22.4,36.0
S133,Male,ECE,5.2,73.6,6.72,23.3,38.6
S188,Male,CSE,4.4,81.5,5.24,22.3,33.7
S175,Male,CSE,2.1,69.0,7.14,12.6,29.3
S024,Female,,5.8,75.0,7.9,25.1,43.9
S090,Female,ECE,1.4,90.5,7.6,14.5,31.2
S032,Female,CE,2.9,94.3,6.18,12.5,28.2
S106,Male,ME,5.8,61.5,7.59,26.7,44.4
S134,Male,CSE,,78.3,8.64,20.2,46.3
S084,Female,CSE,7.4,77.3,8.56,27.0,44.1
S178,Female,CE,4.2,60.9,8.03,17.6,33.1
S101,Male,CE,5.5,80.4,6.12,22.4,44.4
S018,Male,CSE,3.1,72.6,6.22,25.5,31.7
S031,Male,ME,6.8,87.0,6.85,33.0,53.2
S068,Female,CSE,5.4,74.9,8.34,28.1,45.7
S093,Female,ECE,5.2,53.9,7.15,20.9,25.3
S192,Female,CSE,9.7,76.3,7.17,38.0,60.1
S075,Female,CSE,6.8,78.5,7.94,22.2,49.9
S043,Male,ME,7.7,74.4,7.65,27.6,47.8
S137,Male,CE,3.4,82.7,5.34,11.0,24.4
S110,Male,CE,5.4,86.1,8.26,24.8,43.2
S014,Male,ME,2.2,87.0,6.95,17.8,34.4
S096,Male,ECE,2.7,67.3,8.09,18.5,33.3
S187,Female,CSE,6.1,86.4,5.31,22.2,39.4
S006,Female,CE,0.5,82.5,4.95,13.1,16.6
S087,Male,ME,6.0,79.9,7.21,20.7,45.6
S180,Male,ME,8.5,82.8,6.79,32.4,61.1
S186,Female,ME,5.3,,7.26,14.5,40.0
S198,Female,CE,4.7,,7.49,19.2,40.2
S109,Male,CSE,6.4,72.8,8.2,27.6,41.0
S115,Female,CSE,6.5,90.7,7.54,25.7,55.6
S079,Female,ECE,3.7,76.4,7.28,18.1,49.5
S025,Male,ME,8.1,79.0,6.16,31.4,45.2
S083,Male,,5.0,63.5,8.93,18.9,34.1
S164,Male,CSE,5.6,76.3,6.71,22.4,50.6
S009,Female,CSE,5.5,59.7,4.88,17.9,39.3
S054,Male,ME,,69.7,8.39,25.6,29.9
S028,Female,CSE,4.5,81.4,5.98,26.2,36.7
S197,Female,ECE,4.9,73.6,6.11,21.8,36.0
S121,Male,ECE,1.4,61.1,6.88,14.8,31.5
S127,Female,CSE,4.5,69.9,6.57,15.7,18.0
S044,Male,CSE,6.1,68.6,7.26,25.0,41.2
S058,Female,ECE,1.3,76.4,8.13,12.4,30.6
S196,Female,CSE,6.0,,6.03,23.9,44.8
S023,Female,CE,7.1,62.4,7.19,21.5,53.8
S121,Male,ECE,1.4,61.1,6.88,14.8,31.5
S171,Female,CSE,5.6,90.1,5.26,25.8,52.5
S165,Female,ECE,8.5,94.7,8.11,32.8,60.4
S088,Female,ECE,9.2,63.5,7.4,25.1,45.7
S138,Male,ECE,4.4,72.7,7.23,18.6,39.6
S064,Male,ME,6.5,83.6,6.9,28.1,54.5
S144,Male,ECE,5.9,100.0,8.76,28.3,50.6
S152,Male,CE,5.8,83.2,6.86,27.4,54.6
S195,Male,CSE,5.2,90.5,,26.2,30.8
S046,Female,ME,3.2,82.5,7.01,25.5,42.1
S036,Male,CSE,6.4,76.1,5.7,22.7,40.6
S066,Female,ECE,6.5,98.4,9.25,23.9,57.6
S051,Female,CSE,7.1,54.1,5.58,27.0,36.6
S129,Female,CSE,7.0,85.1,6.8,27.9,40.3
S099,Female,CSE,5.8,66.2,7.24,16.6,38.6
S017,Female,ECE,4.9,48.4,8.25,15.1,26.7
S020,Female,ECE,7.3,82.3,7.76,22.8,49.7
S176,Male,CSE,1.3,74.6,7.28,18.1,20.6
S045,Female,ME,3.7,73.5,7.75,23.3,31.0
S069,Male,CSE,5.4,70.5,6.28,20.0,37.3
S077,Female,CSE,4.8,87.0,7.54,23.0,38.3
S146,Male,CSE,1.7,58.6,,14.0,18.6
S113,Female,CSE,4.7,83.2,6.35,22.1,30.9
S011,Male,CSE,1.8,58.1,6.28,14.1,22.6
S085,Male,CSE,6.5,80.6,7.46,26.8,48.6
S012,Male,CE,,63.0,7.0,15.1,45.2
S056,Female,ME,5.7,76.2,5.34,28.3,34.6
S089,Female,CSE,4.6,91.4,6.11,27.7,35.9
S181,Male,CE,7.0,72.8,6.62,31.6,50.2
S191,Female,CE,,81.9,7.1,20.4,44.1
S112,Female,CSE,3.7,60.3,7.24,20.0,22.6
S140,Male,CSE,8.1,91.6,7.08,31.2,55.8
S010,Male,ECE,4.3,74.6,6.24,16.7,36.6
S141,Female,ECE,2.5,67.6,8.41,15.1,33.0
S033,Female,CSE,,68.3,7.1,22.6,46.2
S030,Female,ME,3.7,71.1,7.89,20.4,32.5
S040,Male,ME,4.9,79.3,7.97,23.8,42.6
S177,Female,,3.0,77.2,6.51,15.1,29.3
S057,Male,ECE,7.9,75.5,7.3,29.4,53.5
S172,Male,ECE,5.0,74.8,7.87,23.5,38.9
S199,Female,CSE,3.6,85.9,8.44,14.7,33.1
S092,Female,ME,4.2,81.6,5.9,22.8,37.2
S060,Male,CSE,6.1,67.9,7.72,11.4,41.6
S179,Female,CE,4.5,61.8,5.86,14.4,23.9
S037,Female,CSE,8.3,,6.28,30.9,56.8
S182,Female,CE,3.3,52.4,7.15,14.3,27.7
S053,Male,ME,0.9,61.1,8.2,11.5,29.8
S154,Male,ECE,5.6,,7.24,28.5,40.2
S049,Female,ME,3.8,72.6,7.98,14.1,36.3
S097,Male,CSE,2.1,85.1,7.21,18.4,30.3
S076,Female,CSE,3.1,70.3,7.84,16.4,22.5
S156,Female,ME,7.4,79.7,7.11,28.1,48.8
S081,Male,ME,5.4,83.5,5.92,27.6,38.3
S145,Female,ECE,4.8,73.9,6.07,19.1,28.1
S100,Male,CE,5.9,69.6,7.0,24.2,43.6
S125,Male,CSE,3.8,63.8,7.45,15.4,30.2
S159,Female,ME,6.9,84.2,10.0,25.2,57.5
S118,Male,ME,4.5,83.4,8.3,23.3,39.8
S086,Male,CSE,6.5,69.0,8.55,26.6,42.6
S002,Female,ECE,4.8,84.7,6.78,15.9,39.4
S114,Female,ECE,5.4,72.2,6.12,19.3,34.5
S169,Female,CSE,6.9,69.3,7.54,25.7,52.1
S117,Female,ME,5.9,71.6,8.49,23.2,42.7
S019,Male,ME,4.4,100.0,6.29,23.3,35.0
S200,Female,CSE,5.8,93.0,6.77,20.0,48.3
S055,Female,ME,5.1,80.5,6.18,24.8,27.2
S193,Male,CSE,5.4,,7.43,25.3,53.4
S029,Male,CSE,5.1,84.7,5.64,29.2,45.8
S128,Male,CSE,5.4,65.2,7.51,17.1,30.9
S194,Female,ME,7.6,84.3,8.15,28.3,44.6
S050,Male,CSE,5.6,89.5,8.01,24.9,50.3
S095,Male,CSE,2.1,75.1,9.0,16.3,27.4
S021,Female,ME,6.0,72.4,6.98,23.8,50.6
S038,Female,ECE,6.3,73.6,8.66,31.9,48.0
S080,Male,ME,3.5,71.5,6.64,15.0,41.0
S124,Female,ECE,0.8,80.4,6.62,19.1,18.2
S034,Male,CSE,4.7,69.1,8.33,16.7,39.8
S008,Male,ME,5.3,87.4,6.42,28.5,50.6
S063,Female,ECE,5.7,81.9,7.21,17.4,46.5
S012,Male,CE,,63.0,7.0,15.1,45.2
S196,Female,CSE,6.0,,6.03,23.9,44.8
S158,Female,ME,2.3,76.6,7.57,12.6,29.8
S098,Male,CSE,3.6,98.0,7.45,24.6,34.1
S111,Female,ECE,,80.4,,25.3,58.2
S105,Male,ME,4.2,96.2,7.71,30.3,43.7
S070,Female,ECE,5.5,67.7,8.06,30.7,51.0
S091,Female,CSE,7.9,75.5,7.26,22.5,55.5
S130,Female,ECE,7.4,80.4,7.44,26.7,39.8
S061,Female,ME,2.2,85.1,6.83,18.6,35.8
S003,Male,CE,4.5,88.9,7.51,19.4,39.8
S067,Male,ECE,6.9,77.1,8.99,23.4,58.7
S151,Female,ME,3.8,83.8,9.04,23.7,46.8
S082,Female,ECE,6.5,79.9,8.88,25.9,51.2
S027,Female,ECE,6.5,85.9,6.99,30.6,50.4
S143,Male,CE,3.1,94.1,7.6,25.2,35.9
S168,Male,ME,5.3,81.2,7.21,29.2,39.6
S094,Female,CSE,7.4,66.4,7.12,19.6,52.5
S173,Male,CSE,5.6,61.1,6.22,20.4,40.7
S149,Female,ECE,4.0,76.1,6.87,23.7,34.9
S167,Male,ME,5.1,,7.48,17.8,39.9
S120,Female,ECE,6.5,82.5,5.96,24.7,40.2
S150,Female,CSE,3.1,66.9,8.63,14.1,36.2
S139,Female,ME,6.4,73.9,7.23,15.9,50.2
S170,Female,CE,3.5,79.8,7.62,20.8,35.8
S108,Male,CSE,5.2,73.8,7.08,23.4,51.7
S148,Female,ECE,3.9,75.1,6.31,19.3,27.5
S022,Female,CSE,8.1,82.7,7.85,25.4,63.5
S001,Female,ME,4.5,69.5,6.74,9.8,38.2
S087,Male,ME,6.0,79.9,7.21,20.7,45.6
S185,Male,ME,4.5,,7.92,19.1,36.1
S132,Male,CE,7.4,92.5,6.06,32.1,61.3
S153,Female,CSE,4.7,63.1,9.11,15.5,47.7
S107,Female,ECE,6.3,65.2,5.41,22.7,48.5
